individual,species,ED,PO,VCP,DCF,DL,HD,BW
1,S. acapulcoensis,12.3,2.928571429,5.857142857,3.324324324,12.3,1.892307692,5.125
2,S. acapulcoensis,12.1,3.102564103,10.08333333,3.361111111,12.1,1.704225352,4.033333333
3,S. acapulcoensis,9.333333333,2.210526316,4.421052632,2.470588235,9.333333333,1.3125,3.652173913
4,S. acapulcoensis,8,1.756097561,3.789473684,1.846153846,7.2,1.074626866,2.769230769
5,S. acapulcoensis,8.444444444,1.727272727,5.428571429,2.054054054,9.5,1.333333333,3.04
6,S. acapulcoensis,13.5,3.375,7.5,3.648648649,19.28571429,1.928571429,4.090909091
7,S. acapulcoensis,12.2,3.210526316,9.384615385,3.8125,13.55555556,1.794117647,4.518518519
8,S. acapulcoensis,11.7,3.162162162,7.3125,3.545454545,14.625,1.695652174,4.875
9,S. acapulcoensis,12.33333333,3.264705882,10.09090909,3,18.5,1.913793103,4.625
10,S. acapulcoensis,12,3.428571429,8.571428571,3.428571429,15,1.875,4.444444444
11,S. acapulcoensis,14,3.111111111,9.333333333,3.393939394,12.44444444,1.964912281,4.48
12,S. acapulcoensis,11.81818182,3.25,8.125,3.714285714,16.25,2,4.814814815
13,S. acapulcoensis,11.3,3.138888889,7.533333333,3.228571429,12.55555556,1.98245614,4.913043478
14,S. acapulcoensis,11.5,3.026315789,7.1875,3.108108108,14.375,1.916666667,5.476190476
15,S. acapulcoensis,13.33333333,3.243243243,10,3.636363636,13.33333333,1.935483871,5.217391304
16,S. acapulcoensis,11.77777778,3.028571429,8.153846154,3.3125,10.6,1.892857143,4.24
17,S. acapulcoensis,13.11111111,3.189189189,6.555555556,3.470588235,14.75,1.903225806,4.538461538
18,S. acapulcoensis,14.5,3.222222222,8.923076923,3.314285714,12.88888889,1.841269841,4.142857143
19,S. acapulcoensis,12,3,7.714285714,3.6,13.5,1.894736842,4.695652174
20,S. acapulcoensis,11.75,3.24137931,10.44444444,3.481481481,13.42857143,2,5.222222222
21,S. acapulcoensis,11.5,3.108108108,8.214285714,3.382352941,10.45454545,1.982758621,5
22,S. acapulcoensis,10.7,3.057142857,11.88888889,3.34375,13.375,2.018867925,4.652173913
23,S. acapulcoensis,12.1,3.102564103,8.642857143,3.361111111,12.1,1.890625,4.653846154
24,S. acapulcoensis,11.88888889,3.147058824,8.230769231,3.242424242,11.88888889,2.018867925,4.863636364
25,S. acapulcoensis,13.77777778,3.263157895,9.538461538,3.444444444,13.77777778,2.066666667,5.391304348
26,S. acapulcoensis,13.33333333,3.243243243,7.5,3.75,15,1.935483871,4.615384615
27,S. acapulcoensis,13.44444444,3.184210526,9.307692308,3.27027027,12.1,1.920634921,4.481481481
28,S. acapulcoensis,12.4,3.024390244,8.266666667,3.351351351,13.77777778,1.746478873,4.428571429
29,S. acapulcoensis,12,3,5.739130435,3.567567568,11,2.030769231,4.551724138
30,S. acapulcoensis,11.2,3.111111111,8,3.393939394,12.44444444,1.777777778,4.307692308
31,S. acapulcoensis,12.66666667,3.257142857,8.769230769,3.677419355,12.66666667,1.868852459,4.384615385
32,S. flavilatus,11.25,3,7.5,3.103448276,15,2,4.5
33,S. flavilatus,10.85714286,2.923076923,3.166666667,2.814814815,15.2,1.9,4.75
34,S. flavilatus,9.625,2.961538462,9.625,2.655172414,11,1.87804878,4.8125
35,S. flavilatus,11.57142857,3,11.57142857,2.892857143,13.5,1.840909091,4.263157895
36,S. flavilatus,11.14285714,3,11.14285714,3,13,2.052631579,4.588235294
37,S. flavilatus,10.5,2.896551724,10.5,3.230769231,10.5,1.866666667,7
38,S. flavilatus,11.55555556,2.971428571,10.4,3.35483871,10.4,2.260869565,4.52173913
39,S. flavilatus,9.4,2.9375,7.833333333,3.357142857,10.44444444,1.807692308,4.086956522
40,S. flavilatus,10.33333333,2.735294118,9.3,2.90625,9.3,1.86,4.227272727
41,S. flavilatus,9.1,3.033333333,7.583333333,3.137931034,10.11111111,1.857142857,4.136363636
42,S. flavilatus,11.44444444,3.121212121,8.583333333,3.322580645,10.3,1.980769231,4.681818182
43,S. flavilatus,12.5,2.941176471,10,3.333333333,14.28571429,2.083333333,5
44,S. flavilatus,9.3,2.90625,7.153846154,3.1,13.28571429,1.823529412,4.227272727
45,S. flavilatus,12.5,2.941176471,9.090909091,3.448275862,14.28571429,1.960784314,4.545454545
46,S. flavilatus,9.6,3,9.6,3,10.66666667,1.882352941,4.173913043
47,S. flavilatus,11.11111111,3.125,8.333333333,3.448275862,12.5,2,4.761904762
48,S. flavilatus,10.75,2.866666667,7.166666667,2.965517241,12.28571429,1.755102041,4.3
49,S. flavilatus,11.85714286,2.964285714,8.3,3.074074074,11.85714286,1.886363636,4.15
50,S. flavilatus,10.44444444,3.032258065,9.4,3.032258065,13.42857143,1.843137255,4.476190476
51,S. flavilatus,9.9,2.911764706,9,3.807692308,11,1.867924528,4.714285714
52,S. flavilatus,10.57142857,2.96,10.57142857,3.083333333,10.57142857,2,4.352941176
53,S. flavilatus,9.75,2.785714286,7.090909091,3.391304348,11.14285714,1.733333333,4.105263158
54,S. flavilatus,9,3,9,3.130434783,10.28571429,1.8,4.8
