Transect,Depth,Species,Bite_rate,Biomass
T1,Intermediate,S. acapulcoensis,13.27109207,408.4964018
T2,Intermediate,S. acapulcoensis,13.27109207,445.6324383
T3,Intermediate,S. acapulcoensis,13.27109207,445.6324383
T4,Intermediate,S. acapulcoensis,13.27109207,238.9411472
T5,Intermediate,S. acapulcoensis,13.27109207,148.8460545
T6,Intermediate,S. acapulcoensis,13.27109207,519.9045113
T7,Intermediate,S. acapulcoensis,13.27109207,259.9522557
T8,Intermediate,S. acapulcoensis,13.27109207,223.420036
T9,Intermediate,S. acapulcoensis,13.27109207,230.8786832
T10,Intermediate,S. acapulcoensis,13.27109207,8.062464008
T11,Intermediate,S. acapulcoensis,13.27109207,148.5441461
T12,Intermediate,S. acapulcoensis,13.27109207,0
T13,Deep,S. acapulcoensis,13.639072,0
T14,Deep,S. acapulcoensis,13.639072,297.0882922
T15,Deep,S. acapulcoensis,13.639072,297.0882922
T16,Deep,S. acapulcoensis,13.639072,156.6066101
T17,Deep,S. acapulcoensis,13.639072,0
T18,Deep,S. acapulcoensis,13.639072,230.8786832
T19,Deep,S. acapulcoensis,13.639072,371.3603652
T20,Deep,S. acapulcoensis,13.639072,185.6801826
T21,Deep,S. acapulcoensis,13.639072,0
T22,Deep,S. acapulcoensis,13.639072,74.27207305
T23,Deep,S. acapulcoensis,13.639072,185.6801826
T24,Deep,S. acapulcoensis,13.639072,222.8162191
T25,Shallow,S. acapulcoensis,33.3462261,565.4049203
T26,Shallow,S. acapulcoensis,33.3462261,201.8051106
T27,Shallow,S. acapulcoensis,33.3462261,159.7828936
T28,Shallow,S. acapulcoensis,33.3462261,224.0238529
T29,Shallow,S. acapulcoensis,33.3462261,483.0703832
T30,Shallow,S. acapulcoensis,33.3462261,408.4964018
T31,Shallow,S. acapulcoensis,33.3462261,222.8162191
T32,Shallow,S. acapulcoensis,33.3462261,210.1694831
T33,Shallow,S. acapulcoensis,33.3462261,222.8162191
T34,Shallow,S. acapulcoensis,33.3462261,305.1507562
T35,Shallow,S. acapulcoensis,33.3462261,334.2243287
T36,Shallow,S. acapulcoensis,33.3462261,88.68710409
T1,Intermediate,S. flavilatus,29.3457048,0
T2,Intermediate,S. flavilatus,29.3457048,82.33453706
T3,Intermediate,S. flavilatus,29.3457048,0
T4,Intermediate,S. flavilatus,29.3457048,0
T5,Intermediate,S. flavilatus,29.3457048,8.062464008
T6,Intermediate,S. flavilatus,29.3457048,0
T7,Intermediate,S. flavilatus,29.3457048,0
T8,Intermediate,S. flavilatus,29.3457048,0
T9,Intermediate,S. flavilatus,29.3457048,0
T10,Intermediate,S. flavilatus,29.3457048,0
T11,Intermediate,S. flavilatus,29.3457048,0
T12,Intermediate,S. flavilatus,29.3457048,16.12492802
T13,Deep,S. flavilatus,31.79407273,16.12492802
T14,Deep,S. flavilatus,31.79407273,45.19850053
T15,Deep,S. flavilatus,31.79407273,0
T16,Deep,S. flavilatus,31.79407273,8.062464008
T17,Deep,S. flavilatus,31.79407273,16.72874487
T18,Deep,S. flavilatus,31.79407273,106.5219291
T19,Deep,S. flavilatus,31.79407273,74.27207305
T20,Deep,S. flavilatus,31.79407273,61.32342855
T21,Deep,S. flavilatus,31.79407273,53.26096454
T22,Deep,S. flavilatus,31.79407273,0
T23,Deep,S. flavilatus,31.79407273,0
T24,Deep,S. flavilatus,31.79407273,0
T25,Shallow,S. flavilatus,23.3533097,0
T26,Shallow,S. flavilatus,23.3533097,0
T27,Shallow,S. flavilatus,23.3533097,37.13603652
T28,Shallow,S. flavilatus,23.3533097,0
T29,Shallow,S. flavilatus,23.3533097,0
T30,Shallow,S. flavilatus,23.3533097,0
T31,Shallow,S. flavilatus,23.3533097,0
T32,Shallow,S. flavilatus,23.3533097,0
T33,Shallow,S. flavilatus,23.3533097,0
T34,Shallow,S. flavilatus,23.3533097,0
T35,Shallow,S. flavilatus,23.3533097,0
T36,Shallow,S. flavilatus,23.3533097,0.301908428
